test group,count,sum,conversion_rate
ad,564577,14423,0.025546559636683747
psa,23524,420,0.01785410644448223
